{"cameraMode":{"drawMode":0,"name":"Shaded","section":"Shading Mode"},"sceneLighting":false,"audioPlay":false,"sceneViewState":{"showFog":true,"showMaterialUpdate":false,"showSkybox":false,"showFlares":true,"showImageEffects":true,"showParticleSystems":true},"in2DMode":false,"pivot":{"x":7.450580596923828e-9,"y":0.07673197984695435,"z":-7.450580596923828e-9},"rotation":{"x":0.2684353291988373,"y":-0.6731868982315064,"z":-0.6255956888198853,"w":-0.288814514875412},"size":0.1008947417140007,"orthographic":false}