{"cameraMode":{"drawMode":0,"name":"Shaded","section":"Shading Mode"},"sceneLighting":true,"audioPlay":false,"sceneViewState":{"showFog":true,"showMaterialUpdate":false,"showSkybox":false,"showFlares":true,"showImageEffects":true,"showParticleSystems":true},"in2DMode":false,"pivot":{"x":-0.07825709879398346,"y":1.000193476676941,"z":0.5838133096694946},"rotation":{"x":0.002597472397610545,"y":-0.98506760597229,"z":0.17194446921348573,"w":0.014505194500088692},"size":0.1395440548658371,"orthographic":false}