{"cameraMode":{"drawMode":0,"name":"Shaded","section":"Shading Mode"},"sceneLighting":false,"audioPlay":false,"sceneViewState":{"showFog":true,"showMaterialUpdate":false,"showSkybox":false,"showFlares":true,"showImageEffects":true,"showParticleSystems":true},"in2DMode":false,"pivot":{"x":0.01297858078032732,"y":0.019479602575302125,"z":-0.004410020541399717},"rotation":{"x":-0.4399711489677429,"y":-0.37459665536880495,"z":0.2091621607542038,"w":-0.7889479398727417},"size":0.36724549531936648,"orthographic":false}