{"cameraMode":{"drawMode":0,"name":"Shaded","section":"Shading Mode"},"sceneLighting":true,"audioPlay":false,"sceneViewState":{"showFog":true,"showMaterialUpdate":false,"showSkybox":false,"showFlares":true,"showImageEffects":true,"showParticleSystems":true},"in2DMode":false,"pivot":{"x":-0.6331758499145508,"y":6.819693565368652,"z":-2.3065624237060549},"rotation":{"x":-0.09190541505813599,"y":-0.9072632789611816,"z":0.27059847116470339,"w":-0.30866655707359316},"size":5.626646518707275,"orthographic":false}