{"cameraMode":{"drawMode":0,"name":"Shaded","section":"Shading Mode"},"sceneLighting":false,"audioPlay":false,"sceneViewState":{"showFog":true,"showMaterialUpdate":false,"showSkybox":false,"showFlares":true,"showImageEffects":true,"showParticleSystems":true},"in2DMode":false,"pivot":{"x":0.07913868129253388,"y":0.07055972516536713,"z":-0.08531462401151657},"rotation":{"x":-0.022860398516058923,"y":-0.8642933964729309,"z":-0.03944157436490059,"w":0.5009497404098511},"size":0.8307249546051025,"orthographic":true}