{"cameraMode":{"drawMode":0,"name":"Shaded","section":"Shading Mode"},"sceneLighting":false,"audioPlay":false,"sceneViewState":{"showFog":true,"showMaterialUpdate":false,"showSkybox":false,"showFlares":true,"showImageEffects":true,"showParticleSystems":true},"in2DMode":false,"pivot":{"x":81.77461242675781,"y":84.87025451660156,"z":-20.095169067382814},"rotation":{"x":-0.06924368441104889,"y":-0.01736026629805565,"z":0.0012051567900925875,"w":-0.9974486231803894},"size":96.33912658691406,"orthographic":false}